﻿<?xml version="1.0" encoding="utf-8" ?>
<XnaContent>
  <Asset Type="TDA3Engine.Map">
    <Name>Patio</Name>
    <Dimensions>15 11</Dimensions>
    <TileDimensions>64 64</TileDimensions>
    <Description>Tema forest</Description>
    <ThumbnailAsset>thumbnail</ThumbnailAsset>
    <TileSheetAsset>tiles</TileSheetAsset>
    <GroundTiles>
      0 4 0 2 0 1 2 5 0 0 4 0 0 1 0
      0 0 2 0 0 0 0 0 0 0 0 0 0 0 4
      0 0 1 0 0 2 0 0 0 4 0 2 0 0 0
      0 2 0 0 0 0 0 0 0 0 0 0 0 0 2
      0 0 1 0 0 4 0 2 4 2 0 0 1 0 0
      0 0 0 0 0 0 4 0 0 0 1 0 0 0 1
      0 4 0 2 0 0 2 0 2 0 0 0 2 0 1
      0 0 0 0 0 0 0 0 0 0 0 0 1 0 0
      4 0 0 0 0 2 1 0 0 0 4 0 0 0 0
      0 0 2 0 0 0 0 4 2 0 0 0 0 0 2
      1 0 0 4 0 2 0 0 0 1 0 0 2 0 4
    </GroundTiles>
    <PathTiles>
      0 0 0 0 0 0 0 0 0 0 0 0 0 0 0
      7 0 0 0 11 6 6 6 6 6 6 6 6 9 0
      7 0 0 0 7 0 0 0 0 0 0 0 0 7 0
      7 0 0 0 7 0 0 0 0 0 0 0 0 7 0
      7 0 0 0 7 0 0 0 0 0 0 0 0 7 0
      7 0 0 0 7 0 0 0 0 0 0 0 0 7 0
      7 0 0 0 7 0 0 0 0 0 0 0 0 7 0
      10 6 6 6 8 0 0 0 0 0 0 0 0 7 0
      0 0 0 0 0 0 0 0 0 0 0 0 0 7 0
      0 0 0 0 0 0 0 0 0 0 0 0 0 0 0
      0 0 0 0 0 0 0 0 0 0 0 0 0 0 0
    </PathTiles>
    <SpawnLocation>13 9</SpawnLocation>
    <SpawnAssetName>gate</SpawnAssetName>
    <CastleLocation>0 0</CastleLocation>
    <CastleAssetName>escuela</CastleAssetName>
    <Endless>false</Endless>
    <TowersAvailable>
      <Item>Resorterin</Item>
      <Item>Jugueton</Item>
    </TowersAvailable>
    <WavesAvailable>
      <Item>Easy</Item>
    </WavesAvailable>
    <WaveDelay>1</WaveDelay>
    <Difficulty>1</Difficulty>
    <Money>400</Money>
    <ForeColorArray>124 189 70 255</ForeColorArray>
    <ErrorColorArray>255 0 0 255</ErrorColorArray>
    <InfoBarBackgroundAsset>infobar_bg</InfoBarBackgroundAsset>
    <BorderColorArray>90 130 55 255</BorderColorArray>
    <BorderTextureAsset>border</BorderTextureAsset>
    <MouseTextureAsset>mouse</MouseTextureAsset>
    <SmallErrorButtonTextureAsset>button_sm_error</SmallErrorButtonTextureAsset>
    <SmallNormalButtonTextureAsset>button_sm_normal</SmallNormalButtonTextureAsset>
    <LargeErrorButtonTextureAsset>button_lg_error</LargeErrorButtonTextureAsset>
    <LargeNormalButtonTextureAsset>button_lg_normal</LargeNormalButtonTextureAsset>
    <SongCueName>Forest</SongCueName>
  </Asset>
</XnaContent>
