﻿<?xml version="1.0" encoding="utf-8" ?>
<XnaContent>
  <!-- TODO: replace this Asset with your own XML asset data. -->
  <Asset Type="TDA3Engine.Wave">
    <MonsterAssets>
      <Item>Tanquesin</Item>
      <Item>Invisalien</Item>
      <Item>Gelalien</Item>
      <Item>Navesin</Item>
      <Item>Capsulin</Item>
      <Item>Tanquesin</Item>
      <Item>Invisalien</Item>
      <Item>Gelalien</Item>
      <Item>Navesin</Item>
      <Item>Capsulin</Item>
      <Item>Tanquesin</Item>
      <Item>Invisalien</Item>
      <Item>Gelalien</Item>
      <Item>Navesin</Item>
      <Item>Capsulin</Item>
      <Item>Tanquesin</Item>
      <Item>Invisalien</Item>
      <Item>Gelalien</Item>
      <Item>Navesin</Item>
      <Item>Capsulin</Item>
    </MonsterAssets>
    <Title>20 Aliens Dificiles</Title>
    <BossWave>false</BossWave>
    <MonsterSpawnTimer>0.5</MonsterSpawnTimer>
    <MoneyPerKill>20</MoneyPerKill>
    <BossMoneyScalar>2.0</BossMoneyScalar>
  </Asset>
</XnaContent>
