﻿<?xml version="1.0" encoding="utf-8" ?>
<XnaContent>
  <!-- TODO: replace this Asset with your own XML asset data. -->
  <Asset Type="TDA3Engine.Wave">
    <MonsterAssets>
      <Item>Tanquesin</Item>
      <Item>Navesin</Item>
      <Item>Navesin</Item>
      <Item>Tanquesin</Item>
      <Item>Tanquesin</Item>
      <Item>Tanquesin</Item>
      <Item>Navesin</Item>
      <Item>Navesin</Item>
      <Item>Tanquesin</Item>
      <Item>Tanquesin</Item>
      <Item>Navesin</Item>
      <Item>Tanquesin</Item>
      <Item>Navesin</Item>
      <Item>Tanquesin</Item>
    </MonsterAssets>
    <Title>14 Aliens debiles</Title>
    <BossWave>false</BossWave>
    <MonsterSpawnTimer>4.5</MonsterSpawnTimer>
    <MoneyPerKill>10</MoneyPerKill>
    <BossMoneyScalar>2.0</BossMoneyScalar>
  </Asset>
</XnaContent>
