﻿<?xml version="1.0" encoding="utf-8" ?>
<XnaContent>
  <!-- TODO: replace this Asset with your own XML asset data. -->
  <Asset Type="TDA3Engine.Wave">
    <MonsterAssets>
      <Item>Tanquesin</Item>
      <Item>Navesin</Item>
      <Item>Tanquesin</Item>
      <Item>Tanquesin</Item>
      <Item>Invisalien</Item>
      <Item>Navesin</Item>
      <Item>Tanquesin</Item>
      <Item>Navesin</Item>
      <Item>Navesin</Item>
      <Item>Invisalien</Item>
      <Item>Invisalien</Item>
      <Item>Tanquesin</Item>
      <Item>Navesin</Item>
      <Item>Tanquesin</Item>
      <Item>Invisalien</Item>
      <Item>Tanquesin</Item>
    </MonsterAssets>
    <Title>16 Aliens</Title>
    <BossWave>false</BossWave>
    <MonsterSpawnTimer>3</MonsterSpawnTimer>
    <MoneyPerKill>15</MoneyPerKill>
    <BossMoneyScalar>1.5</BossMoneyScalar>
  </Asset>
</XnaContent>
