﻿<?xml version="1.0" encoding="utf-8" ?>
<XnaContent>
  <Asset Type="TDA3Engine.Tower">
    <Name>Resorterin</Name>
    <Description>Cuesta poco</Description>
    <ThumbnailAsset>resorterin_thumb</ThumbnailAsset>
    <TextureAsset>resorterinTower</TextureAsset>
    <RadiusTextureAsset>radius</RadiusTextureAsset>
    <Cost>70</Cost>
    <Level>1</Level>
    <MaxLevel>2</MaxLevel>
    <InitialStatistics>
      <Health>100</Health>
      <Damage>30</Damage>
      <Speed>0.9</Speed>
      <Accuracy>1</Accuracy>
      <CriticalChance>1</CriticalChance>
      <CriticalHitScalar>0.5</CriticalHitScalar>
      <Radius>2</Radius>
    </InitialStatistics>
    <UpgradeStatistics>
      <HealthIncrease>20</HealthIncrease>
      <DamageIncrease>12</DamageIncrease>
      <SpeedIncrease>0.2</SpeedIncrease>
      <AccuracyIncrease>1</AccuracyIncrease>
      <CriticalChanceIncrease>1</CriticalChanceIncrease>
      <CriticalHitScalarIncrease>0.5</CriticalHitScalarIncrease>
      <RadiusIncrease>1</RadiusIncrease>
    </UpgradeStatistics>
    <BulletAsset>Rock</BulletAsset>
    <SellScalar>0.5</SellScalar>
  </Asset>
</XnaContent>
